{
    "name": "Homebrew/homebrew-bundle",
    "image": "ghcr.io/homebrew/brew:latest",
    "workspaceFolder": "/home/linuxbrew/.linuxbrew/Homebrew/Library/Taps/homebrew/homebrew-bundle/",
    "workspaceMount": "source=${localWorkspaceFolder},target=/home/linuxbrew/.linuxbrew/Homebrew/Library/Taps/homebrew/homebrew-bundle/,type=bind,consistency=cached",
    "onCreateCommand": "./.devcontainer/on-create-command.sh",
    "postCreateCommand": "bundle install",
    "remoteEnv": {
      "HOMEBREW_GITHUB_API_TOKEN": "${localEnv:GITHUB_TOKEN}",
      "PATH": "${containerEnv:PATH}:/home/linuxbrew/.linuxbrew/Homebrew/Library/Homebrew/vendor/portable-ruby/current/bin",
      "EDITOR": "code --wait",
      "VISUAL": "code --wait"
    }
  }
